name,value
q2_linear_c,37420.87
q2_linear_power,226.5990981003952
q2_nonlinear_c,87064.67673953355
q2_nonlinear_alpha,0.35931748956102716
q2_nonlinear_power,227.02994555206308
最优垂荡阻尼系数 c_linear,59846.67212300821
最优旋转阻尼系数 c_rotary,67472.33844076896
稳态平均总功率,319.2234504857382
稳态平均垂荡功率,319.1764568929066
稳态平均纵摇功率,0.04699359283159878
稳态平均起始时刻,79.30911475284745
